festival,last_tweet_id
@mysteryland,839444458835959808
@MovementDetroit,841031206678466561
@nocturnalwland,835207923940933632
@BeyondWland,841037784206987268
@lcpeachfestival,750355847490838532
@Bumbershoot,837004587848478720
@ElectricZooNY,840279659019403264
@JamboOfficial,834380494754164736
@buckeye_fest,835193119423463424
@bcsuperfest,831533330965397504
@country500,832698811101245446
@Boston_Calling,840992448050561024
@TOCFestival,839963279652974593
@Hangoutfest,840246406589816833
@BealeStMusicFes,841011346326052868
@VoodooNola,839523996920082433
@acltv,840917918368034817
@Newportfolkfest,841027473278152704
@CountryMusic,840910406931644420
@burningman,840989931262623744
@GovBallNYC,840354482961731584
@PanoramaNYC,840343440642654208
@LiveAtFirefly,840330980233760769
@Sasquatch,840315111545819137
@lollapalooza,837686636339146754
@pitchforkfest,841041320651194368
@Summerfest,840744162857254913
@Stagecoach,840337270263566336
@sfoutsidelands,836727195561299968
@festivaltortuga,840980609593966594
@ultra,841046027515940864
@Bonnaroo,840598458214019072
@EDC_LasVegas,841076842224332801
@coachella,841000861576785921
@SpringAwakeFest,841076961069916160
